"",geographyRank,"","","","","","","","","","","","","","","","","","","","","","","","","","","","","","","","","","","","","","","","","",referralRank,"","","","","","","","","","","","","","","","","","","","","","","","","","","","","","","","","","","","","","","","","",socialRank,"","","","","","","","","","","","","","","","","","","","","","","","","","","","","","","","","","","","","","","","","",adRank,"",""
"","#1","","#2","","#3","","#4","","#5","","#6","","#7","","#8","","#9","","#10","","#11","","#12","","#13","","#14","","#15","","#16","","#17","","#18","","#19","","#20","","","","#1","","#2","","#3","","#4","","#5","","#6","","#7","","#8","","#9","","#10","","#11","","#12","","#13","","#14","","#15","","#16","","#17","","#18","","#19","","#20","","","","#1","","#2","","#3","","#4","","#5","","#6","","#7","","#8","","#9","","#10","","#11","","#12","","#13","","#14","","#15","","#16","","#17","","#18","","#19","","#20","","","","#1","",""
"","United States","874673.21","China","832872.12","Brazil","600002.99","Venezuela","557406.52","Argentina","334254.73","Russia","328163.02","Colombia","314805.16","Spain","293535.78","Mexico","243196.41","Ukraine","229062.02","Canada","226583.29","United Kingdom","196284.13","Netherlands","180381.56","Korea, Republic of","175911.93","Bulgaria","171815.30","Vietnam","150288.26","Germany","149698.11","Italy","113452.10","France","104191.40","Thailand","95263.65","","","dappradar.com","441542.19","tronscan.org","412821.48","dapp.review","298404.47","decentraland.org","27584.69","trx.market","20843.86","market.goc.network","20214.62","compound.finance","14613.78","adbtc.top","14325.96","eospark.com","7602.27","newdex.io","6380.14","blog.0xproject.com","6265.96","bitsvisit.com","2546.57","get-scatter.com","2228.39","medium.com","1939.65","coinverti.com","1725.12","feixiaohao.com","1662.83","nonfungible.com","1565.00","toppoker.one","1526.28","qoinad.com","1281.93","land-book.com","1219.48","","","youtube.com/watch","123353.77","twitter.com/btcxbtx/status/1054060671325757440","97545.84","tronfun.io/pixel","17290.56","tronbet.io","17290.56","ok.ru/video/1400639719963","11796.12","tronscan.org/#/exchange","11613.84","facebook.com","6621.84","reddit.com/r/0xProject/comments/a76bvj/evolving_the_0x_brand_0x_blog","1616.56","twitter.com/Tronfoundation","1338.56","twitter.com","1147.64","l.facebook.com/l.php","1106.58","reddit.com/r/eos/comments/9t3pug/eos_poker_the_first_blackjack_on_eos_blockchain","1000.00","reddit.com/r/eos/comments/a7u7b1/earning_eos_while_playing_game_the_first_truly","1000.00","youtube.com","934.54","old.reddit.com/r/NintendoSwitchDeals/comments/a75wtg/targetusa_zeldabotw_4549","931.92","reddit.com/r/eos/comments/aa9wk6/my_own_creation_of_eos_mmorpg_games_just_launched","829.70","reddit.com/r/Tronix/comments/9ov001/tronbet_a_provablyfair_dice_game_is_one_of_the","585.62","reddit.com/r/zrxtrader/comments/a7956e/daily_general_discussion_december_18_2018","539.00","away.vk.com/away.php","444.35","web.whatsapp.com","390.60","","","coingecko.com","1000.00",""
"","TRONbet","74412.00","Newdex","135872.00","FCK","9592.62","FairHouse","8970.28","Trust Dice","5375.73","Newdex","9264.00","FairHouse","5064.56","TRONbet","13450.32","TRONDice","3862.80","TronBlock","3573.09","TRONbet","17016.48","Newdex","24356.60","TRONbet","17128.80","Newdex","22812.60","Gods Unchained TCG","2682.50","Newdex","12815.20","TRONbet","28220.40","Newdex","15517.20","TRONbet","13057.20","Newdex","5249.60","","","EOSBet","18875.74","FairHouse","6632.50","TRONbet","5135.00","Decentraland Marketplace","27584.69","DiceBet","879.86","DiceBet","2154.14","Compound","14613.78","TRONbet","14305.32","WhaleEx","5541.20","Fastwin","2436.06","0x Protocol","3132.98","EOSBet","2546.57","ToBet","1063.82","WhaleEx","732.20","TronFun","1725.12","EOS Knights","1069.90","Decentraland Marketplace","1565.00","Endless Dice","1526.28","EOSBet","1281.93","0x Protocol","609.74","","","TRONbet","3957.83","Trust Dice","1573.32","Trust Dice","278.88","Trust Dice","278.88","Trust Dice","190.26","Trust Dice","187.32","TRONbet","2548.07","0x Protocol","808.28","TRONbet","1338.56","Decentraland Marketplace","743.40","FarmEOS","952.50","BLACKJACK - EOS Poker","1000.00","Endless Dice","1000.00","Chibi Fighters","484.68","0x Protocol","465.96","Sand Hero","829.70","TRONbet","585.62","0x Protocol","269.50","EOS Knights","431.00","Decentraland Marketplace","390.60","","","Decentraland Marketplace","1000.00",""
"","Newdex","40838.80","WhaleEx","18723.69","The Token Store","9592.62","The Token Store","8970.28","0xUniverse","5375.73","TRONbet","6205.68","Grand Casino","5064.56","Newdex","5905.80","Trust Dice","3862.80","TronTrade","3573.09","Newdex","11695.80","EOSBet","9772.84","PRA CandyBox","8454.66","TRONbet","6739.20","FairHouse","2682.50","EOS Knights","6334.56","Newdex","5133.80","EOS Knights","8401.56","Newdex","8453.40","TRONbet","4212.00","","","TRONbet","9710.68","The Token Store","6632.50","TronBlock","4480.00","","","Grand Casino","322.00","TRONbet","483.48","","","TronFun","20.64","Newdex","1928.55","Kuai3","1000.00","dice2.win","3132.98","","","EOSBet","570.57","TRONbet","515.08","","","Newdex","543.09","","","","","","","dice2.win","609.74","","","TronFun","2750.58","TRONDice","1573.32","TRONDice","278.88","TRONDice","278.88","TRONDice","190.26","TRONDice","187.32","Decentraland Marketplace","1426.95","dice2.win","808.28","","","0x Protocol","190.30","EOSBet","154.08","","","","","ALLBET - Presale","309.28","dice2.win","465.96","","","","","dice2.win","269.50","TRONbet","13.35","","","","","","",""
"","TronVegas","16876.87","TRONbet","13590.72","Grand Casino","9592.62","TRONDice","8970.28","GOC DEX","5375.73","TronWin","4849.96","Nebula","5064.56","ToBet","4225.10","GOC DEX","3862.80","WINToken Games","3573.09","TronVegas","3278.35","TRONbet","5700.24","EOSBet","4114.88","EOS Knights","4992.60","WINToken Games","2682.50","Grand Casino","2038.70","Chibi Fighters","4124.80","TRONbet","1656.72","Decentraland Marketplace","1562.87","PRA CandyBox","1392.16","","","PRA CandyBox","7896.08","TRONDice","6632.50","Nebula","4480.00","","","EOS Max","322.00","TRONDice","283.50","","","","","BLACKJACK - EOS Poker","82.68","Endless Dice","771.12","","","","","TRONbet","331.80","KARMA","276.12","","","PRA CandyBox","49.84","","","","","","","","","","","TronVegas","2698.08","GOC DEX","1573.32","GOC DEX","278.88","GOC DEX","278.88","GOC DEX","190.26","GOC DEX","187.32","Dice","790.90","","","","","dice2.win","190.30","","","","","","","TronVegas","140.58","","","","","","","","","","","","","","","","",""
"","EOSBet","14549.04","EOS Knights","13235.16","Nebula","9592.62","EOS Max","8970.28","TRX Market","5375.73","Grand Casino","4849.96","TRONDice","5064.56","Eosget Sicbo & Box","4206.16","TRX Market","3862.80","OpenSea","3573.09","HyperDragons","2843.45","EOS Knights","3033.72","EOS Knights","3078.24","Fastwin","4125.08","OpenSea","2682.50","Nebula","2038.70","EOS Knights","3637.92","ToBet","1351.02","TronTrade","1244.68","Grand Casino","1319.79","","","BLACKJACK - EOS Poker","6558.24","EOS Max","6632.50","EOS Time","4480.00","","","GOC DEX","322.00","EOS Max","283.50","","","","","PRA CandyBox","49.84","dBet Games","645.75","","","","","FarmEOS","262.20","EOS Knights","203.32","","","","","","","","","","","","","","","TronBlock","1691.34","TRX Market","1573.32","TRX Market","278.88","TRX Market","278.88","TRX Market","190.26","TRX Market","187.32","Newdex","562.20","","","","","Chibi Fighters","23.64","","","","","","","","","","","","","","","","","","","","","","","","",""
"","Blockchain Cuties","10526.13","Fastwin","13160.62","EOS Time","9592.62","GOC DEX","8970.28","EOSLUCK","5375.73","Nebula","4849.96","EOS Max","5064.56","Grand Casino","4206.16","EOSLUCK","3862.80","EvolutionLand","3573.09","Livepeer","2843.45","TronWin","2317.68","Grand Casino","2274.76","Endless Dice","3232.04","EvolutionLand","2682.50","EOS Time","2038.70","Decentraland Marketplace","3122.01","EOSABC","1309.06","Grand Casino","1244.68","Nebula","1319.79","","","ToBet","5931.42","GOC DEX","6632.50","WINToken Games","4480.00","","","TRX Market","322.00","GOC DEX","283.50","","","","","","","KARMA","531.90","","","","","","","Compound","102.68","","","","","","","","","","","","","","","Gods Unchained TCG","1691.34","EOSLUCK","1573.32","EOSLUCK","278.88","EOSLUCK","278.88","EOSLUCK","190.26","EOSLUCK","187.32","0x Protocol","465.96","","","","","","","","","","","","","","","","","","","","","","","","","","","","","","",""
"","TronBlock","10526.13","EOSBet","12578.44","TRONDice","9592.62","TRX Market","8970.28","IDEX","5375.73","EOS Time","4849.96","GOC DEX","5064.56","D-Texas","4206.16","IDEX","3862.80","D-Texas","3573.09","FCK","2843.45","Nebula","2317.68","Nebula","2274.76","ToBet","2532.53","Grand Casino","2682.50","The Token Store","2038.70","TronVegas","3032.00","Nebula","1309.06","TRONDice","1244.68","EOS Time","1319.79","","","Grand Casino","5780.25","TRX Market","6632.50","OpenSea","4480.00","","","EOSLUCK","322.00","TRX Market","283.50","","","","","","","Game Sky","527.20","","","","","","","0x Protocol","34.83","","","","","","","","","","","","","","","WINToken Games","1691.34","IDEX","1573.32","IDEX","278.88","IDEX","278.88","IDEX","190.26","IDEX","187.32","dice2.win","465.96","","","","","","","","","","","","","","","","","","","","","","","","","","","","","","",""
"","Nebula","10526.13","Endless Dice","12400.48","EOS Max","9592.62","EOSLUCK","8970.28","BETX","5375.73","WINToken Games","4849.96","TRX Market","5064.56","Nebula","4206.16","BETX","3862.80","Grand Casino","3573.09","LORDLESS","2843.45","EOS Time","2317.68","EOS Time","2274.76","EOSBet","2505.00","TRONDice","2682.50","WINToken Games","2038.70","Grand Casino","1598.77","OpenSea","1309.06","EOS Max","1244.68","WINToken Games","1319.79","","","Nebula","5780.25","EOSLUCK","6632.50","EvolutionLand","4480.00","","","IDEX","322.00","EOSLUCK","283.50","","","","","","","BLACKJACK - EOS Poker","358.80","","","","","","","dice2.win","34.83","","","","","","","","","","","","","","","OpenSea","1691.34","BETX","1573.32","BETX","278.88","BETX","278.88","BETX","190.26","BETX","187.32","Chibi Fighters","284.52","","","","","","","","","","","","","","","","","","","","","","","","","","","","","","",""
"","EOS Time","10526.13","Kuai3","9199.33","GOC DEX","9592.62","IDEX","8970.28","AKDEX","5375.73","OpenSea","4849.96","EOSLUCK","5064.56","EOS Time","4206.16","AKDEX","3862.80","Nebula","3573.09","EOSDAQ","2843.45","WINToken Games","2317.68","WINToken Games","2274.76","Fishjoy","1985.05","EOS Max","2682.50","TRONDice","2038.70","Nebula","1598.77","EvolutionLand","1309.06","GOC DEX","1244.68","OpenSea","1319.79","","","EOS Time","5780.25","IDEX","6632.50","D-Texas","4480.00","","","BETX","322.00","IDEX","283.50","","","","","","","BlackJack - FairEos","109.31","","","","","","","BLACKJACK - EOS Poker","31.20","","","","","","","","","","","","","","","EvolutionLand","1691.34","AKDEX","1573.32","AKDEX","278.88","AKDEX","278.88","AKDEX","190.26","AKDEX","187.32","ALLBET - Presale","77.28","","","","","","","","","","","","","","","","","","","","","","","","","","","","","","",""
"","WINToken Games","10526.13","FarmEOS","9198.06","TRX Market","9592.62","BETX","8970.28","Royal Online Vegas","5375.73","EvolutionLand","4849.96","IDEX","5064.56","WINToken Games","4206.16","Royal Online Vegas","3862.80","EOSJOY","3573.09","Ant Farmer","2843.45","OpenSea","2317.68","OpenSea","2274.76","Grand Casino","1985.05","GOC DEX","2682.50","EOS Max","2038.70","Gods Unchained TCG","1598.77","D-Texas","1309.06","TRX Market","1244.68","Gods Unchained TCG","1319.79","","","WINToken Games","5780.25","BETX","6632.50","EOSJOY","4480.00","","","AKDEX","322.00","BETX","283.50","","","","","","","","","","","","","","","Decentraland Marketplace","9.39","","","","","","","","","","","","","","","D-Texas","1691.34","Royal Online Vegas","1573.32","Royal Online Vegas","278.88","Royal Online Vegas","278.88","Royal Online Vegas","190.26","Royal Online Vegas","187.32","","","","","","","","","","","","","","","","","","","","","","","","","","","","","","","","",""
"","My Crypto Heroes","10526.13","Blockchain Cuties","8830.79","EOSLUCK","9592.62","AKDEX","8970.28","EosRoyale","5375.73","TronBlock","4849.96","BETX","5064.56","OpenSea","4206.16","EosRoyale","3862.80","TRONDice","3573.09","My Crypto Heroes","2843.45","EOSABC","2317.68","EvolutionLand","2274.76","EOSJOY","1985.05","TRX Market","2682.50","GOC DEX","2038.70","EOS Time","1598.77","EOS Time","1309.06","EOSLUCK","1244.68","EvolutionLand","1319.79","","","OpenSea","5780.25","AKDEX","6632.50","Ant Farmer","4480.00","","","Royal Online Vegas","322.00","AKDEX","283.50","","","","","","","","","","","","","","","","","","","","","","","","","","","","","","","Nebula","1691.34","EosRoyale","1573.32","EosRoyale","278.88","EosRoyale","278.88","EosRoyale","190.26","EosRoyale","187.32","","","","","","","","","","","","","","","","","","","","","","","","","","","","","","","","",""
