"",geographyRank,"","","","","","","","","","","","","","","","","","","","","",referralRank,"","","","","","","","","","","","","","","","","","","","","",socialRank,"","","","","","","","","","","","","","","","","","","","","",adRank,"","","","","","","","","","","","","","","","","","","",""
"","#1","","#2","","#3","","#4","","#5","","#6","","#7","","#8","","#9","","#10","","","","#1","","#2","","#3","","#4","","#5","","#6","","#7","","#8","","#9","","#10","","","","#1","","#2","","#3","","#4","","#5","","#6","","#7","","#8","","#9","","#10","","","","#1","","#2","","#3","","#4","","#5","","#6","","#7","","#8","","#9","","#10","",""
"","United States","12432833.61","Russia","9996589.58","Turkey","6292659.75","Brazil","6120375.91","Ukraine","4722806.88","Vietnam","4352633.48","China","4029810.71","United Kingdom","3440650.06","Germany","3279782.24","Poland","2823462.96","","","coinmarketcap.com","3973051.77","masternodes.online","268201.43","adbtc.top","166796.01","bitcointalk.org","162551.89","feixiaohao.com","122382.49","poplized-insations.com","118622.52","coinbase.com","117217.10","bitstamp.com","70127.12","whattomine.com","67520.76","myfeed4u.net","63720.00","","","youtube.com/watch","2348550.28","facebook.com","1301124.32","youtube.com","863983.93","twitter.com","430412.70","web.whatsapp.com","336543.01","youtube.com/feed/subscriptions","168715.57","vk.com/im","97471.03","vk.com/feed","96479.08","youtube.com/results","67810.73","reddit.com","58494.49","","","boards.4chan.org","36355.79","ouo.io","18458.64","coinmarketcap.com","14166.29","cryptomininggame.com","10192.80","youtube.com","8443.23","finder.com","3961.20","en.softonic.com","3658.74","cc.minkabu.jp","3216.57","adbilty.me","2923.92","zerokarabitcoin.com","2331.21",""
"","Binance","3306960.00","Binance","1779840.00","Binance","1762560.00","Mercado Bitcoin","1084270.00","Binance","805680.00","Binance","1481760.00","OKEx","683040.00","Binance","786240.00","Binance","667440.00","BitBay","646167.69","","","Binance","480240.00","CryptoBridge","108817.50","CoinExchange","59023.25","CryptoBridge","23457.50","OKEx","12245.31","CEX.IO","118622.52","Coinbase Pro","117217.10","Bitstamp","35063.56","Cryptopia","20358.45","Binance","63720.00","","","Binance","241680.00","Binance","230640.00","Binance","229320.00","Binance","122520.00","Binance","63120.00","Binance","32280.00","Binance","12600.00","YoBit","18980.20","Binance","7200.00","Binance","17760.00","","","Bittrex","10300.00","Binance","18458.64","CoinsBank","10286.22","Binance","10192.80","CEX.IO","3642.36","Binance","2566.80","Luno","3658.74","Bitbank","3216.57","Binance","2923.92","Bitbank","2331.21",""
"","Coinbase Pro","2674380.00","YoBit","1718280.00","BtcTurk","1071840.00","Binance","911520.00","Exmo","600720.00","Bittrex","486780.00","Binance","594000.00","Coinbase Pro","460040.00","Bitfinex","315840.00","Binance","516240.00","","","Cryptopia","261709.35","Graviex","56203.00","Binance","40920.00","Graviex","16597.09","Binance","10560.00","","","","","Bitstamp (Ripple Gateway)","35063.56","Bittrex","16747.50","","","","","Bittrex","239644.62","Bittrex","169512.30","YoBit","72477.88","Bittrex","76726.62","Bittrex","31807.80","Bittrex","18619.20","YoBit","12491.62","Binance","18360.00","Cryptopia","6496.98","Bittrex","13266.18","","","Binance","5170.80","","","CEX.IO","1793.24","","","Luno","1333.52","ezBtc","1000.00","","","","","","","","",""
"","Bittrex","828380.00","Poloniex","1069500.00","Paribu","532643.76","BitcoinTrade","332478.92","Poloniex","423000.00","CoinEx","187460.00","OTCBTC","319750.80","Bittrex","252540.00","Kraken","223830.00","Bittrex","225090.00","","","IDEX","193542.20","Cryptopia","28704.15","CoinEx","37035.28","Crex24","15618.28","ZB.COM","10547.53","","","","","","","Binance","10800.00","","","","","YoBit","117853.80","Bitstamp (Ripple Gateway)","79403.94","Bittrex","62374.32","Bitstamp","23158.08","Indodax","23975.76","YoBit","15140.02","Bitfinex","6747.72","Bittrex","9619.92","YoBit","4458.14","Coinbase Pro","5736.00","","","YoBit","5115.18","","","COSS","1000.00","","","OpenLedger DEX","1266.54","Bitfinex","394.40","","","","","","","","",""
"","Poloniex","446500.00","Bittrex","675270.00","Koineks","378865.62","Bitfinex","307200.00","Bitfinex","329280.00","Poloniex","176000.00","Bitfinex","269280.00","Kucoin","193430.00","Coinbase Pro","169600.00","Bitfinex","176160.00","","","HitBTC","180091.08","CoinExchange","22733.00","Waves Decentralized Exchange","25400.13","Cryptopia","15300.45","Bitfinex","6746.32","","","","","","","Bitfinex","7537.98","","","","","Cryptopia","116072.39","Bitstamp","79403.94","Cryptopia","43557.71","Bitstamp (Ripple Gateway)","23158.08","YoBit","20216.12","Bitstamp","10602.90","WEX","6651.16","Poloniex","9151.45","Kucoin","3885.85","Bitstamp (Ripple Gateway)","4779.72","","","Mercatox","2800.00","","","Coindeal","612.72","","","Bitso","1033.23","","","","","","","","","","",""
"","Gemini","427858.99","WEX","652290.00","Bittrex","338550.00","Poloniex","290500.00","BTC Trade UA","314091.57","Cryptopia","173200.00","CoinEx","212380.00","Bitfinex","187680.00","Bittrex","165920.00","Poloniex","149000.00","","","CoinExchange","158242.00","Crex24","16643.16","Exmo","3210.12","CoinExchange","12668.25","CoinTiger","4807.02","","","","","","","CryptoBridge","6985.00","","","","","Kucoin","105118.51","Cryptopia","68951.82","Bitstamp (Ripple Gateway)","37530.90","Kucoin","19003.06","Poloniex","14642.32","Bitstamp (Ripple Gateway)","10602.90","Bittrex","5508.18","WEX","6435.28","Poloniex","3708.12","Bitstamp","4779.72","","","Kraken","1900.00","","","OKCoin International","474.11","","","Bleutrade","1000.00","","","","","","","","","","",""
"","Kucoin","423980.00","Cryptopia","588800.00","Bitfinex","293760.00","Cryptopia","243200.00","Bittrex","309880.00","IDEX","151650.00","Gate.io","200393.74","Cryptopia","159200.00","Poloniex","138500.00","Kucoin","134850.00","","","Kucoin","151558.77","Escodex","15149.12","Crex24","568.14","TradeOgre","10020.68","Poloniex","4696.64","","","","","","","HitBTC","2389.66","","","","","Bitstamp","93103.56","YoBit","46258.72","Bitstamp","37530.90","Bitfinex","14908.32","Bitstamp (Ripple Gateway)","13396.68","Poloniex","9365.38","Cryptopia","5134.71","Cryptopia","5938.10","HitBTC","3671.40","IDEX","1908.48","","","QuadrigaCX","1716.08","","","","","","","CoinsBank","167.58","","","","","","","","","","",""
"","Kraken","399060.00","Bitfinex","432000.00","Koinim","192141.11","CoinExchange","238200.00","YoBit","241610.00","WEX","134980.00","ZB.COM","155640.66","Poloniex","136000.00","Cryptopia","138400.00","Cryptopia","99600.00","","","BitForex","141004.80","SouthXchange","6739.92","Kucoin","342.21","Bittrex","8150.45","DigiFinex","4611.88","","","","","","","Poloniex","2099.94","","","","","Bitstamp (Ripple Gateway)","93103.56","Kraken","42925.68","Poloniex","27882.21","Cryptopia","11841.27","Bitstamp","13396.68","Coinbase Pro","8592.05","Poloniex","4444.99","HitBTC","3306.00","Bittrex","3646.26","Kucoin","1403.92","","","Bitstamp (Ripple Gateway)","1300.00","","","","","","","","","","","","","","","","","","",""
"","Cryptopia","377200.00","HitBTC","391200.00","Poloniex","149500.00","HitBTC","198900.00","WEX","236640.00","Bitfinex","118560.00","MBAex","127518.36","Kraken","118260.00","HitBTC","114000.00","Coinbase Pro","68370.00","","","Bittrex","127124.69","BTC-Alpha","3730.96","Coinut","173.60","YoBit","5162.43","HitBTC","4332.90","","","","","","","YoBit","345.87","","","","","Kraken","84191.38","BX Thailand","41296.08","Kraken","25437.44","CoinEx","11087.60","Kraken","13162.94","Cryptopia","8243.48","Livecoin","3356.71","Exmo","2844.35","Bitfinex","3312.96","Bitfinex","1169.28","","","Bitstamp","1300.00","","","","","","","","","","","","","","","","","","",""
"","HitBTC","349200.00","CryptoBridge","251700.00","Cryptopia","147600.00","Crex24","187726.00","Kuna","209363.46","Kucoin","102950.00","Huobi","117129.12","CEX.IO","104760.00","Kucoin","104690.00","CryptoBridge","58350.00","","","OKEx","126852.93","Trade Satoshi","3223.40","Mercatox","114.08","BiteBTC","5021.75","CoinBene","4114.85","","","","","","","Exmo","235.32","","","","","Bitfinex","78098.16","Bitfinex","38245.20","Indodax","23483.34","Poloniex","10506.34","Bitfinex","11912.04","Kraken","5003.32","BTC-Alpha","3278.00","Bitfinex","2436.00","Indodax","3192.24","QuadrigaCX","1138.80","","","Coinbase Pro","1000.00","","","","","","","","","","","","","","","","","","",""
"","Bitfinex","231840.00","Kucoin","179510.00","HitBTC","135600.00","Trade Satoshi","185740.72","Cryptopia","208800.00","HitBTC","91500.00","HADAX","107130.81","HitBTC","94800.00","Bitstamp (Ripple Gateway)","101790.00","YoBit","54760.00","","","Mercatox","104982.12","Mercatox","1582.86","BTCC","9.20","Novaexchange","4566.38","Bibox","3952.41","","","","","","","Luno","21.04","","","","","Poloniex","76064.00","Indodax","33858.12","Kucoin","23014.26","Kraken","9024.68","BtcTurk","9624.80","HitBTC","4802.40","TradeOgre","3185.73","Livecoin","1609.23","Bitstamp","3130.38","Mercatox","1011.22","","","Gatehub","1000.00","","","","","","","","","","","","","","","","","","",""
