"Project Name","Website Link","Status","ICO Ended Date","Raised(m)","Total Visit","Channel Traffic","Direct Traffic",,,"Email Traffic",,,"Referral Traffic",,,"Social Traffic",,,"Organic Traffic",,,"Paid Search Traffic",,,"Ads Traffic",,
"weBloc Protocol","http://webloc.io/?utm_source=icodrops","active","2019/01/31","2.16","8,518","6,320","42.03%","","2.7K","0%","","0","32.35%","","2K","8.63%","","< 1K","16.99%","","1.1K","0%","","0","0%","","0"
"","","","","","","","United States","10.12%","273.24","","","","icodrops.com","26.18%","523.60","youtube.com/watch","62.84%","628.40","","","","","","","","",""
"","","","","","","","Vietnam","9.51%","256.77","","","","icoalert.com","20.65%","413.00","reddit.com/r/Storiqa/comments/a3ndnq/stq_product_to_storiqas_backstage_part_15","20.05%","200.50","","","","","","","","",""
"","","","","","","","Germany","9.27%","250.29","","","","icobench.com","19.59%","391.80","youtube.com/results","10.93%","109.30","","","","","","","","",""
"","","","","","","","Ireland","7.31%","197.37","","","","tronscan.org","15.27%","305.40","linkedin.com/in/ego97516","6.17%","61.70","","","","","","","","",""
"","","","","","","","Spain","6.22%","167.94","","","","icobliss.com","7.81%","156.20","","","","","","","","","","","",""
"Cryptyk","https://www.cryptyk.io/?utm_source=icodrops","active","2019/02/07","11.25","8,518","6,320","42.03%","","2.7K","0%","","0","32.35%","","2K","8.63%","","< 1K","16.99%","","1.1K","0%","","0","0%","","0"
"","","","","","","","United States","10.12%","273.24","","","","icodrops.com","26.18%","523.60","youtube.com/watch","62.84%","628.40","","","","","","","","",""
"","","","","","","","Vietnam","9.51%","256.77","","","","icoalert.com","20.65%","413.00","reddit.com/r/Storiqa/comments/a3ndnq/stq_product_to_storiqas_backstage_part_15","20.05%","200.50","","","","","","","","",""
"","","","","","","","Germany","9.27%","250.29","","","","icobench.com","19.59%","391.80","youtube.com/results","10.93%","109.30","","","","","","","","",""
"","","","","","","","Ireland","7.31%","197.37","","","","tronscan.org","15.27%","305.40","linkedin.com/in/ego97516","6.17%","61.70","","","","","","","","",""
"","","","","","","","Spain","6.22%","167.94","","","","icobliss.com","7.81%","156.20","","","","","","","","","","","",""
"Contentos","https://www.contentos.io/?utm_source=icodrops","active","TBA","pending","144,739","18,297","59.68%","","10.9K","9.59%","","1.8K","12.22%","","2.2K","11.74%","","2.1K","6.76%","","1.2K","0%","","0","0%","","0"
"","","","","","","","Taiwan","18.68%","2036.12","","","","icodrops.com","47.63%","1047.86","facebook.com","47.65%","1000.65","","","","","","","","",""
"","","","","","","","Turkey","17.77%","1936.93","","","","labs.binance.com","41.43%","911.46","youtube.com/watch","19.07%","400.47","","","","","","","","",""
"","","","","","","","Vietnam","17.50%","1907.50","","","","medium.com","8.93%","196.46","youtube.com/results","16.88%","354.48","","","","","","","","",""
"","","","","","","","China","9.07%","988.63","","","","icobench.com","2.01%","44.22","twitter.com/helloiconworld/status/989706702143479808","3.24%","68.04","","","","","","","","",""
"","","","","","","","Russia","8.65%","942.85","","","","","","","facebook.com/ContentosOfficial","2.85%","59.85","","","","","","","","",""
"Celes Chain","https://www.celeschain.io/?utm_source=icodrops","active","TBA","pending","< 5,000","undefined","","","","","","","","","","","","","","","","","","","","",""
"","","","","","","","","","","","","","","","","","","","","","","","","","","",""
"","","","","","","","","","","","","","","","","","","","","","","","","","","",""
"","","","","","","","","","","","","","","","","","","","","","","","","","","",""
"","","","","","","","","","","","","","","","","","","","","","","","","","","",""
"","","","","","","","","","","","","","","","","","","","","","","","","","","",""
"Beam","https://www.beam.mw/?utm_source=icodrops","ended","2019/01/03","pending","24,604","23,463","59.55%","","14K","0%","","0","10.75%","","2.5K","6.03%","","1.4K","23.67%","","5.6K","0%","","0","0%","","0"
"","","","","","","","China","41.53%","5814.20","","","","medium.com","39.05%","976.25","reddit.com/r/gpumining","34.14%","477.96","","","","","","","","",""
"","","","","","","","United States","16.34%","2287.60","","","","icodrops.com","23.90%","597.50","youtube.com/watch","30.26%","423.64","","","","","","","","",""
"","","","","","","","Turkey","7.21%","1009.40","","","","bitcointalk.org","14.49%","362.25","reddit.com/r/beamprivacy","17.80%","249.20","","","","","","","","",""
"","","","","","","","United Kingdom","4.18%","585.20","","","","github.com","14.19%","354.75","facebook.com/ufceurope/videos/514573532369496","17.80%","249.20","","","","","","","","",""
"","","","","","","","Canada","2.85%","399.00","","","","beam.dev.pfrus.com","6.64%","166.00","","","","","","","","","","","",""
"Temco","https://temco.io/#/?utm_source=icodrops","ended","2018/12/27","0.90","279,998","19,228","48.83%","","9.4K","0.34%","","< 1K","39.95%","","7.7K","3.86%","","< 1K","6.66%","","1.3K","0%","","0","0.37%","","< 1K"
"","","","","","","","Korea, Republic of","11.31%","1063.14","","","","etherscan.io","43.87%","3377.99","medium.com/temcolabs/register-for-temcos-kyc-b7be009bd1b7","58.08%","580.80","","","","","","","spojoy.com","79.36%","793.60"
"","","","","","","","Brazil","10.27%","965.38","","","","coingecko.com","37.12%","2858.24","youtube.com/watch","41.92%","419.20","","","","","","","garantmarket.net","20.64%","206.40"
"","","","","","","","United States","9.42%","885.48","","","","coinbene.com","4.89%","376.53","","","","","","","","","","","",""
"","","","","","","","United Kingdom","6.19%","581.86","","","","bitcointalk.org","3.52%","271.04","","","","","","","","","","","",""
"","","","","","","","Swaziland","5.43%","510.42","","","","icodrops.com","3.42%","263.34","","","","","","","","","","","",""
"Newdex","https://newdex.io/?utm_source=icodrops","ended","2018/12/26","3.13","477,338","412,857","93.50%","","386K","0.03%","","< 1K","3.14%","","12.9K","0.21%","","< 1K","3.06%","","12.6K","0.07%","","< 1K","0%","","0"
"","","","","","","","China","35.20%","135872.00","","","","dappradar.com","36.85%","4753.65","facebook.com","56.22%","562.20","","","","","","","","",""
"","","","","","","","United States","10.58%","40838.80","","","","eospark.com","14.95%","1928.55","youtube.com/watch","19.68%","196.80","","","","","","","","",""
"","","","","","","","Australia","6.91%","26672.60","","","","dapp.review","9.51%","1226.79","bloks.io/tokens","13.07%","130.70","","","","","","","","",""
"","","","","","","","United Kingdom","6.31%","24356.60","","","","newdex.zendesk.com","9.00%","1161.00","twitter.com/NewdexOfficial","4.16%","41.60","","","","","","","","",""
"","","","","","","","Korea, Republic of","5.91%","22812.60","","","","mytoken.io","5.28%","681.12","twitter.com/bingobet_one","4.16%","41.60","","","","","","","","",""
"Contents Protocol","https://contentsprotocol.io/?utm_source=icodrops","ended","2018/12/21","5.18","18,082","7,457","33.31%","","2.5K","0%","","0","51.15%","","3.8K","6.28%","","< 1K","9.25%","","< 1K","0%","","0","0%","","0"
"","","","","","","","Korea, Republic of","20.29%","507.25","","","","bitcointalk.org","50.82%","1931.16","youtube.com/watch","58.20%","582.00","","","","","","","","",""
"","","","","","","","Russia","15.24%","381.00","","","","icobench.com","21.01%","798.38","l.facebook.com/l.php","18.48%","184.80","","","","","","","","",""
"","","","","","","","India","10.29%","257.25","","","","watcha.com","13.31%","505.78","twitter.com/contents_prtcl","9.47%","94.70","","","","","","","","",""
"","","","","","","","United Arab Emirates","5.58%","139.50","","","","icodrops.com","9.67%","367.46","facebook.com/search/top","7.01%","70.10","","","","","","","","",""
"","","","","","","","United Kingdom","5.34%","133.50","","","","icohotlist.com","3.80%","144.40","vk.com/im","6.84%","68.40","","","","","","","","",""
"SOAR","https://soar.earth/index.html?utm_source=icodrops","ended","2018/12/19","20.50","5,038","< 5,000","27.72%","","1.1K","0%","","0","67.71%","","2.7K","1.29%","","< 1K","3.28%","","< 1K","0%","","0","0%","","0"
"","","","","","","","Vietnam","23.54%","258.94","","","","icobench.com","44.03%","1188.81","twitter.com/Soar_Earth","100%","1000.00","","","","","","","","",""
"","","","","","","","China","12.41%","136.51","","","","icodrops.com","38.65%","1043.55","","","","","","","","","","","",""
"","","","","","","","Germany","9.85%","108.35","","","","coincodex.com","7.86%","212.22","","","","","","","","","","","",""
"","","","","","","","United Kingdom","9.69%","106.59","","","","icorating.com","4.53%","122.31","","","","","","","","","","","",""
"","","","","","","","Switzerland","9.53%","104.83","","","","tokeneed.com","2.78%","75.06","","","","","","","","","","","",""
"Newton Project","https://www.newtonproject.org/?utm_source=icodrops","ended","2018/12/10","18.40","5,038","9,384","32.92%","","3.1K","21.94%","","2.1K","22.00%","","2.1K","0.38%","","< 1K","22.76%","","2.1K","0%","","0","0%","","0"
"","","","","","","","China","42.60%","1320.60","","","","icodrops.com","64.41%","1352.61","youtube.com/watch","54.53%","545.30","","","","","","","","",""
"","","","","","","","Russia","12.22%","378.82","","","","ru.investing.com","15.97%","335.37","web.whatsapp.com","45.47%","454.70","","","","","","","","",""
"","","","","","","","India","5.67%","175.77","","","","icobazaar.com","9.28%","194.88","","","","","","","","","","","",""
"","","","","","","","Poland","5.46%","169.26","","","","microworkers.com","7.03%","147.63","","","","","","","","","","","",""
"","","","","","","","Switzerland","4.34%","134.54","","","","analytics.hypernum.com","1.77%","37.17","","","","","","","","","","","",""
"Kambria","https://kambria.io/?utm_source=icodrops","ended","2018/12/05","16.00","21,462","12,054","22.03%","","2.7K","2.98%","","< 1K","50.00%","","6K","10.09%","","1.2K","14.91%","","1.8K","0%","","0","0%","","0"
"","","","","","","","Vietnam","25.80%","696.60","","","","coinmarketcap.com","75.39%","4523.40","youtube.com/watch","58.45%","701.40","","","","","","","","",""
"","","","","","","","United States","14.97%","404.19","","","","icodrops.com","11.85%","711.00","reddit.com/r/OMGtrader/comments/a29hkw/httpsmediumcomkambrianetworkstrategicbackerannounc","21.04%","252.48","","","","","","","","",""
"","","","","","","","Switzerland","6.71%","181.17","","","","l.messenger.com","5.01%","300.60","linkedin.com/company/18469073","11.29%","135.48","","","","","","","","",""
"","","","","","","","France","6.46%","174.42","","","","cafebitcoin.info","4.18%","250.80","l.facebook.com/l.php","9.23%","110.76","","","","","","","","",""
"","","","","","","","Russia","5.98%","161.46","","","","bitcointalk.org","1.36%","81.60","","","","","","","","","","","",""
"CryptoCurve","https://cryptocurve.io/?utm_source=icodrops","ended","2018/11/30","7.44","21,462","12,054","22.03%","","2.7K","2.98%","","< 1K","50.00%","","6K","10.09%","","1.2K","14.91%","","1.8K","0%","","0","0%","","0"
"","","","","","","","Vietnam","25.80%","696.60","","","","coinmarketcap.com","75.39%","4523.40","youtube.com/watch","58.45%","701.40","","","","","","","","",""
"","","","","","","","United States","14.97%","404.19","","","","icodrops.com","11.85%","711.00","reddit.com/r/OMGtrader/comments/a29hkw/httpsmediumcomkambrianetworkstrategicbackerannounc","21.04%","252.48","","","","","","","","",""
"","","","","","","","Switzerland","6.71%","181.17","","","","l.messenger.com","5.01%","300.60","linkedin.com/company/18469073","11.29%","135.48","","","","","","","","",""
"","","","","","","","France","6.46%","174.42","","","","cafebitcoin.info","4.18%","250.80","l.facebook.com/l.php","9.23%","110.76","","","","","","","","",""
"","","","","","","","Russia","5.98%","161.46","","","","bitcointalk.org","1.36%","81.60","","","","","","","","","","","",""
"Covalent","http://covalent.ai/?utm_source=icodrops","ended","2018/11/26","80.00","9,481","5,778","55.66%","","3.2K","0%","","0","33.35%","","1.9K","3.08%","","< 1K","7.91%","","< 1K","0%","","0","0%","","0"
"","","","","","","","China","25.15%","804.80","","","","coinmarketcap.com","67.98%","1291.62","facebook.com/groups/744001332439290","43.80%","438.00","","","","","","","","",""
"","","","","","","","United States","8.19%","262.08","","","","huobi.br.com","9.85%","187.15","vk.com/crypto_bum","28.98%","289.80","","","","","","","","",""
"","","","","","","","Russia","6.71%","214.72","","","","mxc-exchange.zendesk.com","9.85%","187.15","facebook.com","13.61%","136.10","","","","","","","","",""
"","","","","","","","Germany","5.80%","185.60","","","","note.youdao.com","6.30%","119.70","facebook.com/groups/sustcse13","13.61%","136.10","","","","","","","","",""
"","","","","","","","United Kingdom","5.24%","167.68","","","","etherscan.io","3.86%","73.34","","","","","","","","","","","",""
"Ultrain","http://www.ultrain.io/?utm_source=icodrops","ended","2018/11/21","20.00","6,662","5,454","81.90%","","4.5K","0%","","0","10.54%","","< 1K","3.75%","","< 1K","3.81%","","< 1K","0%","","0","0%","","0"
"","","","","","","","China","23.39%","1052.55","","","","qb.com","61.79%","617.90","","","","","","","","","","","",""
"","","","","","","","Vietnam","15.51%","697.95","","","","icorating.com","28.92%","289.20","","","","","","","","","","","",""
"","","","","","","","United States","11.48%","516.60","","","","etherscan.io","6.78%","67.80","","","","","","","","","","","",""
"","","","","","","","Australia","11.26%","506.70","","","","analytics.hypernum.com","2.51%","25.10","","","","","","","","","","","",""
"","","","","","","","United Kingdom","6.15%","276.75","","","","","","","","","","","","","","","","","",""
"BitMax","https://bitmax.io/#/home?utm_source=icodrops","ended","2018/11/21","13.67","255,057","113,114","81.02%","","91.6K","0.15%","","< 1K","6.55%","","7.4K","1.54%","","1.7K","10.74%","","12.2K","0%","","0","0%","","0"
"","","","","","","","China","32.61%","29870.76","","","","coinmarketcap.com","60.24%","4457.76","youtube.com/watch","65.63%","1115.71","","","","","","","","",""
"","","","","","","","Poland","8.06%","7382.96","","","","bitmaxhelp.zendesk.com","16.49%","1220.26","youtube.com/feed/subscriptions","34.37%","584.29","","","","","","","","",""
"","","","","","","","Taiwan","7.82%","7163.12","","","","icodrops.com","5.55%","410.70","","","","","","","","","","","",""
"","","","","","","","United States","7.21%","6604.36","","","","8btc.com","4.13%","305.62","","","","","","","","","","","",""
"","","","","","","","Russia","6.29%","5761.64","","","","coinidol.com","3.21%","237.54","","","","","","","","","","","",""
"MoonX","http://www.moon.family/?utm_source=icodrops","ended","2018/11/19","27.00","< 5,000","undefined","","","","","","","","","","","","","","","","","","","","",""
"","","","","","","","","","","","","","","","","","","","","","","","","","","",""
"","","","","","","","","","","","","","","","","","","","","","","","","","","",""
"","","","","","","","","","","","","","","","","","","","","","","","","","","",""
"","","","","","","","","","","","","","","","","","","","","","","","","","","",""
"","","","","","","","","","","","","","","","","","","","","","","","","","","",""
"nOS","https://nos.io/?utm_source=icodrops","ended","2018/11/08","9.19","23,714","18,163","7.52%","","1.4K","0%","","0","75.83%","","13.8K","5.71%","","1K","10.94%","","2K","0%","","0","0%","","0"
"","","","","","","","Brazil","16.73%","234.22","","","","coinmarketcap.com","93.40%","12889.20","youtube.com/watch","100%","1000.00","","","","","","","","",""
"","","","","","","","United States","10.63%","148.82","","","","icorating.com","3.56%","491.28","","","","","","","","","","","",""
"","","","","","","","Mexico","10.01%","140.14","","","","icodrops.com","1.34%","184.92","","","","","","","","","","","",""
"","","","","","","","Turkey","7.30%","102.20","","","","livecoinwatch.com","0.82%","113.16","","","","","","","","","","","",""
"","","","","","","","Switzerland","6.69%","93.66","","","","neonewstoday.com","0.45%","62.10","","","","","","","","","","","",""
"Emotiq","https://emotiq.ch/?utm_source=icodrops","ended","2018/11/01","11.80","< 5,000","undefined","","","","","","","","","","","","","","","","","","","","",""
"","","","","","","","","","","","","","","","","","","","","","","","","","","",""
"","","","","","","","","","","","","","","","","","","","","","","","","","","",""
"","","","","","","","","","","","","","","","","","","","","","","","","","","",""
"","","","","","","","","","","","","","","","","","","","","","","","","","","",""
"","","","","","","","","","","","","","","","","","","","","","","","","","","",""
"FIC Network","https://ficnetwork.com/en?utm_source=icodrops","ended","2018/10/30","4.80","< 5,000","undefined","","","","","","","","","","","","","","","","","","","","",""
"","","","","","","","","","","","","","","","","","","","","","","","","","","",""
"","","","","","","","","","","","","","","","","","","","","","","","","","","",""
"","","","","","","","","","","","","","","","","","","","","","","","","","","",""
"","","","","","","","","","","","","","","","","","","","","","","","","","","",""
"","","","","","","","","","","","","","","","","","","","","","","","","","","",""
"Atlas Protocol","https://atlasp.io/#/en?utm_source=icodrops","ended","2018/10/25","30.00","< 5,000","undefined","","","","","","","","","","","","","","","","","","","","",""
"","","","","","","","","","","","","","","","","","","","","","","","","","","",""
"","","","","","","","","","","","","","","","","","","","","","","","","","","",""
"","","","","","","","","","","","","","","","","","","","","","","","","","","",""
"","","","","","","","","","","","","","","","","","","","","","","","","","","",""
"","","","","","","","","","","","","","","","","","","","","","","","","","","",""
"Blockcloud","http://www.block-cloud.io/?utm_source=icodrops","ended","2018/10/17","14.98","< 5,000","undefined","","","","","","","","","","","","","","","","","","","","",""
"","","","","","","","","","","","","","","","","","","","","","","","","","","",""
"","","","","","","","","","","","","","","","","","","","","","","","","","","",""
"","","","","","","","","","","","","","","","","","","","","","","","","","","",""
"","","","","","","","","","","","","","","","","","","","","","","","","","","",""
"","","","","","","","","","","","","","","","","","","","","","","","","","","",""
"Yumerium","http://www.yumerium.com/tokensales?utm_source=icodrops","ended","2018/10/15","3.00","< 5,000","undefined","","","","","","","","","","","","","","","","","","","","",""
"","","","","","","","","","","","","","","","","","","","","","","","","","","",""
"","","","","","","","","","","","","","","","","","","","","","","","","","","",""
"","","","","","","","","","","","","","","","","","","","","","","","","","","",""
"","","","","","","","","","","","","","","","","","","","","","","","","","","",""
"","","","","","","","","","","","","","","","","","","","","","","","","","","",""
"OCEANEX","http://www.bitocean.org/?utm_source=icodrops","ended","2018/10/09","11.25","< 5,000","undefined","","","","","","","","","","","","","","","","","","","","",""
"","","","","","","","","","","","","","","","","","","","","","","","","","","",""
"","","","","","","","","","","","","","","","","","","","","","","","","","","",""
"","","","","","","","","","","","","","","","","","","","","","","","","","","",""
"","","","","","","","","","","","","","","","","","","","","","","","","","","",""
"","","","","","","","","","","","","","","","","","","","","","","","","","","",""
"AERGO","https://aergo.io/?utm_source=icodrops","ended","2018/10/07","30.00","< 5,000","undefined","","","","","","","","","","","","","","","","","","","","",""
"","","","","","","","","","","","","","","","","","","","","","","","","","","",""
"","","","","","","","","","","","","","","","","","","","","","","","","","","",""
"","","","","","","","","","","","","","","","","","","","","","","","","","","",""
"","","","","","","","","","","","","","","","","","","","","","","","","","","",""
"","","","","","","","","","","","","","","","","","","","","","","","","","","",""
"Iryo Network","https://iryo.network/#network?utm_source=icodrops","ended","2018/10/03","15.80","5,367","< 5,000","22.76%","","< 1K","0%","","0","37.26%","","< 1K","0%","","0","39.98%","","< 1K","0%","","0","0%","","0"
"","","","","","","","United States","38.59%","385.90","","","","iryo.io","34.39%","343.90","","","","","","","","","","","",""
"","","","","","","","China","20.28%","202.80","","","","medicalfuturist.com","22.38%","223.80","","","","","","","","","","","",""
"","","","","","","","Slovenia","12.36%","123.60","","","","icomarks.com","21.53%","215.30","","","","","","","","","","","",""
"","","","","","","","Ukraine","10.57%","105.70","","","","icodrops.com","10.70%","107.00","","","","","","","","","","","",""
"","","","","","","","Saudi Arabia","8.04%","80.40","","","","eosprojects.org","9.21%","92.10","","","","","","","","","","","",""
"Lambda","http://www.lambda.im/?utm_source=icodrops","ended","2018/10/02","15.08","< 5,000","undefined","","","","","","","","","","","","","","","","","","","","",""
"","","","","","","","","","","","","","","","","","","","","","","","","","","",""
"","","","","","","","","","","","","","","","","","","","","","","","","","","",""
"","","","","","","","","","","","","","","","","","","","","","","","","","","",""
"","","","","","","","","","","","","","","","","","","","","","","","","","","",""
"","","","","","","","","","","","","","","","","","","","","","","","","","","",""
"Origin Protocol","https://www.originprotocol.com/?utm_source=icodrops","ended","2018/10/01","38.10","33,289","15,601","36.97%","","5.8K","0.62%","","< 1K","23.50%","","3.7K","0.60%","","< 1K","36.55%","","5.7K","1.76%","","< 1K","0%","","0"
"","","","","","","","United States","20.87%","1210.46","","","","medium.com","21.07%","779.59","","","","","","","","","","","",""
"","","","","","","","Spain","12.55%","727.90","","","","wutui.pro","16.49%","610.13","","","","","","","","","","","",""
"","","","","","","","Portugal","5.94%","344.52","","","","github.com","11.24%","415.88","","","","","","","","","","","",""
"","","","","","","","China","5.64%","327.12","","","","stateofthedapps.com","10.10%","373.70","","","","","","","","","","","",""
"","","","","","","","India","5.47%","317.26","","","","coinbase.com","7.87%","291.19","","","","","","","","","","","",""
"Opiria & PDATA","https://opiria.io/?utm_source=icodrops","ended","2018/09/30","15.43","< 5,000","undefined","","","","","","","","","","","","","","","","","","","","",""
"","","","","","","","","","","","","","","","","","","","","","","","","","","",""
"","","","","","","","","","","","","","","","","","","","","","","","","","","",""
"","","","","","","","","","","","","","","","","","","","","","","","","","","",""
"","","","","","","","","","","","","","","","","","","","","","","","","","","",""
"","","","","","","","","","","","","","","","","","","","","","","","","","","",""
"Tutellus","https://tutellus.cryptonomos.com/?utm_source=icodrops","ended","2018/09/30","22.05","< 5,000","undefined","","","","","","","","","","","","","","","","","","","","",""
"","","","","","","","","","","","","","","","","","","","","","","","","","","",""
"","","","","","","","","","","","","","","","","","","","","","","","","","","",""
"","","","","","","","","","","","","","","","","","","","","","","","","","","",""
"","","","","","","","","","","","","","","","","","","","","","","","","","","",""
"","","","","","","","","","","","","","","","","","","","","","","","","","","",""
"Metadium","http://metadium.com/?utm_source=icodrops","ended","2018/09/22","10.49","< 5,000","undefined","","","","","","","","","","","","","","","","","","","","",""
"","","","","","","","","","","","","","","","","","","","","","","","","","","",""
"","","","","","","","","","","","","","","","","","","","","","","","","","","",""
"","","","","","","","","","","","","","","","","","","","","","","","","","","",""
"","","","","","","","","","","","","","","","","","","","","","","","","","","",""
"","","","","","","","","","","","","","","","","","","","","","","","","","","",""
"Ankr Network","https://ankr.network/?utm_source=icodrops","ended","2018/09/22","18.70","5,497","5,144","53.55%","","2.8K","0%","","0","10.57%","","< 1K","6.34%","","< 1K","29.55%","","1.5K","0%","","0","0%","","0"
"","","","","","","","China","26.64%","745.92","","","","icodrops.com","28.73%","287.30","","","","","","","","","","","",""
"","","","","","","","United States","15.76%","441.28","","","","panteracapital.com","25.51%","255.10","","","","","","","","","","","",""
"","","","","","","","Germany","12.36%","346.08","","","","blockark.io","24.53%","245.30","","","","","","","","","","","",""
"","","","","","","","United Kingdom","6.35%","177.80","","","","gbic.io","15.95%","159.50","","","","","","","","","","","",""
"","","","","","","","Austria","5.52%","154.56","","","","analytics.hypernum.com","5.29%","52.90","","","","","","","","","","","",""
"Bgogo","https://bgogo.com/?utm_source=icodrops","ended","2018/09/16","3.77","54,937","35,593","84.15%","","30K","0.10%","","< 1K","7.51%","","2.7K","1.54%","","< 1K","6.70%","","2.4K","0%","","0","0%","","0"
"","","","","","","","Poland","30.59%","9177.00","","","","coinmarketcap.com","60.61%","1636.47","facebook.com","44.11%","441.10","","","","","","","","",""
"","","","","","","","Vietnam","14.95%","4485.00","","","","netbusinessrating.com","8.75%","236.25","youtube.com/watch","28.66%","286.60","","","","","","","","",""
"","","","","","","","Algeria","8.02%","2406.00","","","","bgogohelp.zendesk.com","8.48%","228.96","vk.com/im","21.74%","217.40","","","","","","","","",""
"","","","","","","","South Africa","7.02%","2106.00","","","","chainwhy.com","7.66%","206.82","facebook.com/messages/t/nazar.nazar.14811","5.49%","54.90","","","","","","","","",""
"","","","","","","","China","6.52%","1956.00","","","","panteracapital.com","5.63%","152.01","","","","","","","","","","","",""
"Neonexchange","https://neonexchange.org/?utm_source=icodrops","ended","2018/09/14","21.82","77,396","63,909","64.50%","","41.2K","0.59%","","< 1K","5.07%","","3.2K","9.99%","","6.4K","19.85%","","12.7K","0%","","0","0%","","0"
"","","","","","","","France","17.33%","7139.96","","","","medium.com","19.16%","613.12","twitter.com","39.79%","2546.56","","","","","","","","",""
"","","","","","","","Bahamas","12.35%","5088.20","","","","coingecko.com","11.95%","382.40","twitter.com/search","39.79%","2546.56","","","","","","","","",""
"","","","","","","","Germany","11.21%","4618.52","","","","icodrops.com","11.09%","354.88","instagram.com/bizzartclub","7.22%","462.08","","","","","","","","",""
"","","","","","","","United Kingdom","9.24%","3806.88","","","","bitguru.co.uk","7.99%","255.68","reddit.com/r/CryptoCurrency/comments/a6zb8c/the_entire_crypto_space_only_has_a_marketcap_of","3.53%","225.92","","","","","","","","",""
"","","","","","","","United States","7.62%","3139.44","","","","neoguide.io","7.09%","226.88","reddit.com/r/NEO/comments/a1atct/weekly_discussion_november_28th_december_5th_2018","3.32%","212.48","","","","","","","","",""
"DAEX (Digital Assets Exchange)","https://www.daex.io/?utm_source=icodrops","ended","2018/09/14","1.62","< 5,000","undefined","","","","","","","","","","","","","","","","","","","","",""
"","","","","","","","","","","","","","","","","","","","","","","","","","","",""
"","","","","","","","","","","","","","","","","","","","","","","","","","","",""
"","","","","","","","","","","","","","","","","","","","","","","","","","","",""
"","","","","","","","","","","","","","","","","","","","","","","","","","","",""
"","","","","","","","","","","","","","","","","","","","","","","","","","","",""
"Carry Protocol","https://carryprotocol.io/?utm_source=icodrops","ended","2018/09/04","12.88","< 5,000","undefined","","","","","","","","","","","","","","","","","","","","",""
"","","","","","","","","","","","","","","","","","","","","","","","","","","",""
"","","","","","","","","","","","","","","","","","","","","","","","","","","",""
"","","","","","","","","","","","","","","","","","","","","","","","","","","",""
"","","","","","","","","","","","","","","","","","","","","","","","","","","",""
"","","","","","","","","","","","","","","","","","","","","","","","","","","",""
"Verasity","https://verasity.io/?utm_source=icodrops","ended","2018/09/01","19.15","34,373","6,831","32.32%","","2.2K","35.78%","","2.4K","15.27%","","1K","1.39%","","< 1K","15.24%","","1K","0%","","0","0%","","0"
"","","","","","","","United States","14.95%","328.90","","","","genesisplayer.io","27.79%","277.90","airdropsmob.com/escrowblock-escb/#ref49231","62.26%","622.60","","","","","","","","",""
"","","","","","","","Brazil","14.59%","320.98","","","","tokeny.com","16.22%","162.20","linkedin.com/messaging/thread/6483439548926816256","37.74%","377.40","","","","","","","","",""
"","","","","","","","Australia","7.47%","164.34","","","","icoalert.com","14.18%","141.80","","","","","","","","","","","",""
"","","","","","","","India","6.92%","152.24","","","","medium.com","13.88%","138.80","","","","","","","","","","","",""
"","","","","","","","Russia","6.76%","148.72","","","","genesisplayer.com","8.28%","82.80","","","","","","","","","","","",""
"Moonlight","https://moonlight.io/?utm_source=icodrops","ended","2018/08/31","6.20","< 5,000","undefined","","","","","","","","","","","","","","","","","","","","",""
"","","","","","","","","","","","","","","","","","","","","","","","","","","",""
"","","","","","","","","","","","","","","","","","","","","","","","","","","",""
"","","","","","","","","","","","","","","","","","","","","","","","","","","",""
"","","","","","","","","","","","","","","","","","","","","","","","","","","",""
"","","","","","","","","","","","","","","","","","","","","","","","","","","",""
"DFINITY","https://dfinity.org/?utm_source=icodrops","ended","2018/08/30","195.00","29,234","23,685","45.29%","","10.7K","7.57%","","1.8K","10.43%","","2.5K","2.77%","","< 1K","33.93%","","8K","0%","","0","0%","","0"
"","","","","","","","United States","18.91%","2023.37","","","","icodrops.com","25.00%","625.00","youtube.com/watch","55.43%","554.30","","","","","","","","",""
"","","","","","","","China","10.88%","1164.16","","","","people.mpi-sws.org","19.98%","499.50","l.facebook.com/l.php","39.90%","399.00","","","","","","","","",""
"","","","","","","","Vietnam","8.96%","958.72","","","","icobench.com","9.64%","241.00","web.whatsapp.com","4.67%","46.70","","","","","","","","",""
"","","","","","","","Switzerland","5.23%","559.61","","","","cbr.stanford.edu","9.54%","238.50","","","","","","","","","","","",""
"","","","","","","","United Kingdom","5.11%","546.77","","","","medium.com","8.98%","224.50","","","","","","","","","","","",""
"Hedera Hashgraph","https://www.hederahashgraph.com/?utm_source=icodrops","ended","2018/08/16","100.00","8,797","< 5,000","25.32%","","1.1K","7.65%","","< 1K","15.04%","","< 1K","1.75%","","< 1K","50.23%","","2.3K","0%","","0","0%","","0"
"","","","","","","","United States","44.40%","488.40","","","","icodrops.com","76.20%","762.00","reddit.com/r/CryptoCurrency/comments/86xg1k/what_are_your_thoughts_on_hedera_hashgraph","100%","1000.00","","","","","","","","",""
"","","","","","","","Argentina","8.55%","94.05","","","","learn.hedera.com","23.80%","238.00","","","","","","","","","","","",""
"","","","","","","","India","8.33%","91.63","","","","","","","","","","","","","","","","","",""
"","","","","","","","Bulgaria","6.74%","74.14","","","","","","","","","","","","","","","","","",""
"","","","","","","","Luxembourg","6.11%","67.21","","","","","","","","","","","","","","","","","",""
"Origo Network","https://origo.network/?utm_source=icodrops","ended","2018/08/11","29.86","< 5,000","undefined","","","","","","","","","","","","","","","","","","","","",""
"","","","","","","","","","","","","","","","","","","","","","","","","","","",""
"","","","","","","","","","","","","","","","","","","","","","","","","","","",""
"","","","","","","","","","","","","","","","","","","","","","","","","","","",""
"","","","","","","","","","","","","","","","","","","","","","","","","","","",""
"","","","","","","","","","","","","","","","","","","","","","","","","","","",""
"FOAM Protocol","https://foam.space/?utm_source=icodrops","ended","2018/08/10","16.55","46,791","31,109","49.15%","","15.3K","0.56%","","< 1K","16.40%","","5.1K","13.10%","","4.1K","20.79%","","6.5K","0%","","0","0%","","0"
"","","","","","","","United States","28.57%","4371.21","","","","coinmarketcap.com","30.19%","1539.69","twitter.com/mistbu1/lists/job","36.05%","1478.05","","","","","","","","",""
"","","","","","","","Spain","11.30%","1728.90","","","","medium.com","26.76%","1364.76","youtube.com/watch","27.96%","1146.36","","","","","","","","",""
"","","","","","","","Germany","8.48%","1297.44","","","","blog.circle.com","15.49%","789.99","old.reddit.com/r/ethdev","12.44%","510.04","","","","","","","","",""
"","","","","","","","Netherlands","8.12%","1242.36","","","","etherscan.io","7.97%","406.47","facebook.com/cryptocash.riga/photos/bc.Abq22x5MvyVtHf_I6Tt3o_qdBuq79rj8T5plKCU8y2GAgVE2gC1CW2g53bux4y9Cjkh1U3dgfkkNV5iLpfMVPLDm9D-i3CAy7Pr4LPkyDuuMcPyl61YRqzmPlWbj4zGqZ9zneRtVayBM-p1m1B62_jFvsb3Chev_ICjulZv6ZhkuOHFKtRbuEMLKtKjPpI2Iy9gaRvMhtIS9w3hbydrck6EB/337860333612705","7.06%","289.46","","","","","","","","",""
"","","","","","","","China","6.59%","1008.27","","","","icobench.com","4.40%","224.40","web.whatsapp.com","6.59%","270.19","","","","","","","","",""
"Usechain","http://www.usechain.net/?utm_source=icodrops","ended","2018/08/08","29.33","< 5,000","undefined","","","","","","","","","","","","","","","","","","","","",""
"","","","","","","","","","","","","","","","","","","","","","","","","","","",""
"","","","","","","","","","","","","","","","","","","","","","","","","","","",""
"","","","","","","","","","","","","","","","","","","","","","","","","","","",""
"","","","","","","","","","","","","","","","","","","","","","","","","","","",""
"","","","","","","","","","","","","","","","","","","","","","","","","","","",""
"DxChain","http://www.dxchain.com/?utm_source=icodrops","ended","2018/08/06","20.51","< 5,000","undefined","","","","","","","","","","","","","","","","","","","","",""
"","","","","","","","","","","","","","","","","","","","","","","","","","","",""
"","","","","","","","","","","","","","","","","","","","","","","","","","","",""
"","","","","","","","","","","","","","","","","","","","","","","","","","","",""
"","","","","","","","","","","","","","","","","","","","","","","","","","","",""
"","","","","","","","","","","","","","","","","","","","","","","","","","","",""
"DREP","https://www.drep.org/?utm_source=icodrops","ended","2018/08/06","19.80","< 5,000","undefined","","","","","","","","","","","","","","","","","","","","",""
"","","","","","","","","","","","","","","","","","","","","","","","","","","",""
"","","","","","","","","","","","","","","","","","","","","","","","","","","",""
"","","","","","","","","","","","","","","","","","","","","","","","","","","",""
"","","","","","","","","","","","","","","","","","","","","","","","","","","",""
"","","","","","","","","","","","","","","","","","","","","","","","","","","",""
"Asura Coin","https://asuracoin.io/?utm_source=icodrops","ended","2018/08/01","4.06","< 5,000","undefined","","","","","","","","","","","","","","","","","","","","",""
"","","","","","","","","","","","","","","","","","","","","","","","","","","",""
"","","","","","","","","","","","","","","","","","","","","","","","","","","",""
"","","","","","","","","","","","","","","","","","","","","","","","","","","",""
"","","","","","","","","","","","","","","","","","","","","","","","","","","",""
"","","","","","","","","","","","","","","","","","","","","","","","","","","",""
"Vite","https://www.vite.org/?utm_source=icodrops","ended","2018/08/01","28.00","7,764","7,201","60.15%","","4.3K","0.62%","","< 1K","29.73%","","2.1K","0.31%","","< 1K","9.18%","","< 1K","0%","","0","0%","","0"
"","","","","","","","United Kingdom","35.33%","1519.19","","","","coinmarketcap.com","43.16%","906.36","reddit.com/r/vitelabs/comments/a1n3hw/testnet_based_quiz_winners_community_rewards_vol_4","100%","1000.00","","","","","","","","",""
"","","","","","","","China","18.40%","791.20","","","","vite.net","23.93%","502.53","","","","","","","","","","","",""
"","","","","","","","United States","14.48%","622.64","","","","icodrops.com","20.52%","430.92","","","","","","","","","","","",""
"","","","","","","","Netherlands","12.83%","551.69","","","","feixiaohao.com","11.14%","233.94","","","","","","","","","","","",""
"","","","","","","","Russia","5.86%","251.98","","","","cryptototem.com","0.42%","8.82","","","","","","","","","","","",""
"Kairos","https://www.kairos.com/token-sale?utm_source=icodrops","ended","2018/07/31","13.05","93,946","44,828","20.11%","","9K","1.39%","","< 1K","10.95%","","4.9K","8.47%","","3.8K","58.62%","","26.3K","0%","","0","0.47%","","< 1K"
"","","","","","","","United States","26.34%","2370.60","","","","photofeeler.com","41.15%","2016.35","quora.com/What-are-best-public-dataset-for-facial-expression-classification","22.31%","847.78","","","","","","","","",""
"","","","","","","","India","8.46%","761.40","","","","github.com","13.86%","679.14","gemalto.com/govt/biometrics/facial-recognition","14.83%","563.54","","","","","","","","",""
"","","","","","","","Brazil","7.74%","696.60","","","","mundonegro.inf.br","10.28%","503.72","quora.com/How-can-you-tell-someones-heritage-based-on-their-facial-features","9.13%","346.94","","","","","","","","",""
"","","","","","","","Canada","5.61%","504.90","","","","cran.r-project.org","7.17%","351.33","facebook.com","6.56%","249.28","","","","","","","","",""
"","","","","","","","United Kingdom","4.98%","448.20","","","","analyticsindiamag.com","6.65%","325.85","quora.com/Can-a-face-recognition-software-detect-ethnicity","6.15%","233.70","","","","","","","","",""
"FarmaTrust","https://www.farmatrust.io/?utm_source=icodrops","ended","2018/07/31","20.25","< 5,000","undefined","","","","","","","","","","","","","","","","","","","","",""
"","","","","","","","","","","","","","","","","","","","","","","","","","","",""
"","","","","","","","","","","","","","","","","","","","","","","","","","","",""
"","","","","","","","","","","","","","","","","","","","","","","","","","","",""
"","","","","","","","","","","","","","","","","","","","","","","","","","","",""
"","","","","","","","","","","","","","","","","","","","","","","","","","","",""
"Codex Protocol","https://www.codexprotocol.com/?utm_source=icodrops","ended","2018/07/30","12.00","< 5,000","undefined","","","","","","","","","","","","","","","","","","","","",""
"","","","","","","","","","","","","","","","","","","","","","","","","","","",""
"","","","","","","","","","","","","","","","","","","","","","","","","","","",""
"","","","","","","","","","","","","","","","","","","","","","","","","","","",""
"","","","","","","","","","","","","","","","","","","","","","","","","","","",""
"","","","","","","","","","","","","","","","","","","","","","","","","","","",""
"Quadrant Protocol","https://www.quadrantprotocol.com/?utm_source=icodrops","ended","2018/07/26","16.00","8,066","7,242","6.47%","","< 1K","0%","","0","82.42%","","6K","0.01%","","< 1K","11.10%","","< 1K","0%","","0","0%","","0"
"","","","","","","","Switzerland","26.29%","262.90","","","","coinmarketcap.com","90.70%","5442.00","","","","","","","","","","","",""
"","","","","","","","United Kingdom","11.73%","117.30","","","","icorating.com","4.44%","266.40","","","","","","","","","","","",""
"","","","","","","","United States","9.21%","92.10","","","","icodrops.com","2.99%","179.40","","","","","","","","","","","",""
"","","","","","","","Vietnam","7.22%","72.20","","","","coingecko.com","1.27%","76.20","","","","","","","","","","","",""
"","","","","","","","France","5.54%","55.40","","","","isthiscoinascam.com","0.59%","35.40","","","","","","","","","","","",""
"Liquidity Network","https://liquidity.network/?utm_source=icodrops","ended","2018/07/19","23.61","6,077","5,028","52.78%","","2.7K","0%","","0","31.81%","","1.6K","6.72%","","< 1K","8.70%","","< 1K","0%","","0","0%","","0"
"","","","","","","","United Kingdom","17.15%","463.05","","","","coinmarketcap.com","72.08%","1153.28","twitter.com/liquiditynet","100%","1000.00","","","","","","","","",""
"","","","","","","","United States","13.33%","359.91","","","","icobench.com","9.28%","148.48","","","","","","","","","","","",""
"","","","","","","","Germany","11.45%","309.15","","","","isthiscoinascam.com","7.23%","115.68","","","","","","","","","","","",""
"","","","","","","","Spain","8.94%","241.38","","","","icodrops.com","6.34%","101.44","","","","","","","","","","","",""
"","","","","","","","Puerto Rico","8.69%","234.63","","","","icobazaar.com","4.51%","72.16","","","","","","","","","","","",""
"PDX","http://pdx.link/?utm_source=icodrops","ended","2018/07/18","10.00","< 5,000","< 5,000","74.13%","","< 1K","0%","","0","0%","","0","25.87%","","< 1K","0%","","0","0%","","0","0%","","0"
"","","","","","","","Nigeria","41.34%","413.40","","","","","","","facebook.com/pg/PDXbaap/about","100%","1000.00","","","","","","","","",""
"","","","","","","","Russia","32.78%","327.80","","","","","","","","","","","","","","","","","",""
"","","","","","","","Moldova","25.87%","258.70","","","","","","","","","","","","","","","","","",""
"","","","","","","","","","","","","","","","","","","","","","","","","","","",""
"","","","","","","","","","","","","","","","","","","","","","","","","","","",""
"ContentBox","https://contentbox.one/?utm_source=icodrops","ended","2018/07/16","pending","< 5,000","undefined","","","","","","","","","","","","","","","","","","","","",""
"","","","","","","","","","","","","","","","","","","","","","","","","","","",""
"","","","","","","","","","","","","","","","","","","","","","","","","","","",""
"","","","","","","","","","","","","","","","","","","","","","","","","","","",""
"","","","","","","","","","","","","","","","","","","","","","","","","","","",""
"","","","","","","","","","","","","","","","","","","","","","","","","","","",""
"Kleros","https://kleros.io/?utm_source=icodrops","ended","2018/07/15","2.44","6,575","5,577","17.97%","","1K","22.39%","","1.2K","32.43%","","1.8K","1.55%","","< 1K","25.66%","","1.4K","0%","","0","0%","","0"
"","","","","","","","Russia","33.78%","337.80","","","","coinmarketcap.com","35.43%","637.74","twitter.com/sporimru","100%","1000.00","","","","","","","","",""
"","","","","","","","United States","18.31%","183.10","","","","blog.oceanprotocol.com","23.54%","423.72","","","","","","","","","","","",""
"","","","","","","","India","11.74%","117.40","","","","stateofthedapps.com","15.11%","271.98","","","","","","","","","","","",""
"","","","","","","","Germany","7.56%","75.60","","","","airdrops.io","9.51%","171.18","","","","","","","","","","","",""
"","","","","","","","Poland","4.85%","48.50","","","","etherscan.io","3.96%","71.28","","","","","","","","","","","",""
"Mandala","https://mandalaex.com/?utm_source=icodrops","ended","2018/07/14","18.00","34,410","14,689","65.30%","","9.6K","0%","","0","5.94%","","< 1K","3.30%","","< 1K","21.92%","","3.2K","0%","","0","3.54%","","< 1K"
"","","","","","","","United States","33.99%","3263.04","","","","icodrops.com","45.16%","451.60","youtube.com/watch","100%","1000.00","","","","","","","cryptocoinsnews.info","87.77%","877.70"
"","","","","","","","Norway","29.20%","2803.20","","","","medium.com","20.86%","208.60","","","","","","","","","","bit-bonus.net","12.23%","122.30"
"","","","","","","","Brazil","4.07%","390.72","","","","blockonomi.com","17.56%","175.60","","","","","","","","","","","",""
"","","","","","","","Netherlands","3.70%","355.20","","","","bitcointalk.org","5.71%","57.10","","","","","","","","","","","",""
"","","","","","","","India","3.59%","344.64","","","","icobench.com","5.36%","53.60","","","","","","","","","","","",""
"Sparkster","http://sparkster.me/?utm_source=icodrops","ended","2018/07/09","30.00","78,837","6,876","62.76%","","4.3K","4.28%","","< 1K","5.29%","","< 1K","10.89%","","< 1K","16.78%","","1.2K","0%","","0","0%","","0"
"","","","","","","","Russia","59.43%","2555.49","","","","medium.com","87.18%","871.80","youtube.com/channel/UCAkXXoN7cFSEN-4SFtLFmHQ","43.51%","435.10","","","","","","","","",""
"","","","","","","","United States","18.15%","780.45","","","","techicy.com","12.82%","128.20","youtube.com/watch","43.51%","435.10","","","","","","","","",""
"","","","","","","","Ukraine","8.56%","368.08","","","","","","","vk.com/feed","12.99%","129.90","","","","","","","","",""
"","","","","","","","Pakistan","4.31%","185.33","","","","","","","","","","","","","","","","","",""
"","","","","","","","Belgium","2.23%","95.89","","","","","","","","","","","","","","","","","",""
"Intiva Health","https://token.intivahealth.com/?utm_source=icodrops","ended","2018/07/09","pending","< 5,000","undefined","","","","","","","","","","","","","","","","","","","","",""
"","","","","","","","","","","","","","","","","","","","","","","","","","","",""
"","","","","","","","","","","","","","","","","","","","","","","","","","","",""
"","","","","","","","","","","","","","","","","","","","","","","","","","","",""
"","","","","","","","","","","","","","","","","","","","","","","","","","","",""
"","","","","","","","","","","","","","","","","","","","","","","","","","","",""
"DACC","http://dacc.co/?utm_source=icodrops","ended","2018/07/07","13.53","26,256","9,258","61.69%","","5.7K","0%","","0","10.50%","","< 1K","19.59%","","1.8K","8.22%","","< 1K","0%","","0","0%","","0"
"","","","","","","","United States","18.84%","1073.88","","","","socpublic.com","55.79%","557.90","facebook.com/groups/vno.mmo","36.56%","658.08","","","","","","","","",""
"","","","","","","","Brazil","13.63%","776.91","","","","coinchase.com","36.62%","366.20","youtube.com/watch","26.07%","469.26","","","","","","","","",""
"","","","","","","","Russia","10.01%","570.57","","","","github.com","5.31%","53.10","away.vk.com/away.php","24.20%","435.60","","","","","","","","",""
"","","","","","","","China","7.40%","421.80","","","","surfearner.com","2.27%","22.70","vk.com/afservik86","11.85%","213.30","","","","","","","","",""
"","","","","","","","Ukraine","6.84%","389.88","","","","","","","socpublic.com/account/task.html","1.31%","23.58","","","","","","","","",""
"0xcert Protocol","https://0xcert.org/?utm_source=icodrops","ended","2018/07/04","9.45","6,645","6,038","39.71%","","2.4K","1.05%","","< 1K","18.65%","","1.1K","20.41%","","1.2K","20.18%","","1.2K","0%","","0","0%","","0"
"","","","","","","","Brazil","24.72%","593.28","","","","coinmarketcap.com","74.55%","820.05","reddit.com/r/ethdev/comments/a4ubkq/hiring_backend_developer_ninja_nodejs_typescript","63.62%","763.44","","","","","","","","",""
"","","","","","","","United States","19.84%","476.16","","","","icodrops.com","11.13%","122.43","facebook.com/groups/sistemcihrvatska","15.78%","189.36","","","","","","","","",""
"","","","","","","","Slovenia","8.56%","205.44","","","","blockconf.io","9.23%","101.53","reddit.com/r/ethdev/comments/a1y1x9/monthly_whos_hiring_and_whos_for_hire_december","13.01%","156.12","","","","","","","","",""
"","","","","","","","Germany","7.60%","182.40","","","","icobench.com","3.87%","42.57","facebook.com/0xcert","7.59%","91.08","","","","","","","","",""
"","","","","","","","China","6.05%","145.20","","","","btcmiami.com","1.21%","13.31","","","","","","","","","","","",""
"ShareRing","https://sharering.network/en?utm_source=icodrops","ended","2018/07/04","pending","10,273","< 5,000","23.78%","","< 1K","0%","","0","20.36%","","< 1K","13.35%","","< 1K","42.51%","","1K","0%","","0","0%","","0"
"","","","","","","","Vietnam","45.42%","454.20","","","","web.telegram.org","27.15%","271.50","","","","","","","","","","","",""
"","","","","","","","Canada","9.06%","90.60","","","","news.com.au","26.95%","269.50","","","","","","","","","","","",""
"","","","","","","","Turkey","8.98%","89.80","","","","etherscan.io","21.41%","214.10","","","","","","","","","","","",""
"","","","","","","","Singapore","6.64%","66.40","","","","coingecko.com","8.63%","86.30","","","","","","","","","","","",""
"","","","","","","","United Kingdom","5.80%","58.00","","","","icobench.com","5.76%","57.60","","","","","","","","","","","",""
"BitScreener","https://tokensale.bitscreener.com/?utm_source=icodrops","ended","2018/07/02","6.72","< 5,000","< 5,000","0%","","0","0%","","0","100.00%","","< 1K","0%","","0","0%","","0","0%","","0","0%","","0"
"","","","","","","","India","100%","0.00","","","","coinmarketcap.com","100%","1000.00","","","","","","","","","","","",""
"","","","","","","","","","","","","","","","","","","","","","","","","","","",""
"","","","","","","","","","","","","","","","","","","","","","","","","","","",""
"","","","","","","","","","","","","","","","","","","","","","","","","","","",""
"","","","","","","","","","","","","","","","","","","","","","","","","","","",""
"Trust Platform","https://trustplatform.network/?utm_source=icodrops","ended","2018/07/02","pending","< 5,000","< 5,000","100.00%","","< 1K","0%","","0","0%","","0","0%","","0","0%","","0","0%","","0","0%","","0"
"","","","","","","","France","100%","1000.00","","","","","","","","","","","","","","","","","",""
"","","","","","","","","","","","","","","","","","","","","","","","","","","",""
"","","","","","","","","","","","","","","","","","","","","","","","","","","",""
"","","","","","","","","","","","","","","","","","","","","","","","","","","",""
"","","","","","","","","","","","","","","","","","","","","","","","","","","",""
"Midas Protocol","https://midasprotocol.io/?utm_source=icodrops","ended","2018/07/01","9.02","13,459","5,712","48.41%","","2.8K","3.73%","","< 1K","21.94%","","1.3K","5.94%","","< 1K","19.98%","","1.1K","0%","","0","0%","","0"
"","","","","","","","Vietnam","39.11%","1095.08","","","","mmo4me.com","56.74%","737.62","facebook.com/groups/1561844270543595/1676079172453437","100%","1000.00","","","","","","","","",""
"","","","","","","","Russia","8.32%","232.96","","","","id.midasprotocol.com","14.05%","182.65","","","","","","","","","","","",""
"","","","","","","","United States","7.35%","205.80","","","","producthunt.com","12.33%","160.29","","","","","","","","","","","",""
"","","","","","","","Indonesia","6.37%","178.36","","","","tapchibitcoin.vn","9.46%","122.98","","","","","","","","","","","",""
"","","","","","","","Netherlands","5.52%","154.56","","","","coinmarketcap.com","4.60%","59.80","","","","","","","","","","","",""
